defense,benign utility,utility under attack,ASR injected,ASR direct
undefended,46.7,35.4,51.1,100.0
repeat user prompt,50.0,38.4,34.8,96.4
spotlighting with delimiting,36.7,35.2,48.2,92.9
tool filter,6.7,5.4,5.9,53.6
transformers pi detector,1.7,0.9,1.4,39.3
piguard detector,16.7,3.2,1.4,64.3
prompt guard 2 detector,45.0,19.6,35.5,100.0
camel,0.0,0.0,0.0,33.3
undefended (CaMeL subset),47.9,41.9,37.5,100.0
progent,6.7,3.8,10.7,53.6
drift,18.3,19.1,3.6,60.7
"CAVAL (ours, same tasks)",26.0,23.8,3.9,23.6
