model,alpha,FAR any-alarm,disruption any-alarm,prevention any-alarm,FAR disruption rule,disruption disruption rule,prevention disruption rule
rgcn,0.05,0.017,0.009,0.185,0.042,0.024,0.37
rgcn,0.1,0.054,0.032,0.458,0.115,0.061,0.671
rgcn,0.2,0.147,0.077,0.771,0.3,0.155,0.939
rgcn,0.3,0.254,0.132,0.921,0.496,0.266,0.984
gatv2,0.05,0.008,0.004,0.179,0.029,0.015,0.288
gatv2,0.1,0.047,0.024,0.393,0.117,0.061,0.622
gatv2,0.2,0.149,0.078,0.718,0.265,0.136,0.903
gatv2,0.3,0.229,0.12,0.862,0.454,0.244,0.967
seq_lstm,0.05,0.039,0.018,0.222,0.083,0.041,0.45
seq_lstm,0.1,0.078,0.038,0.433,0.146,0.074,0.708
seq_lstm,0.2,0.157,0.082,0.753,0.277,0.146,0.919
seq_lstm,0.3,0.253,0.132,0.915,0.434,0.247,0.979
mlp_pool,0.05,0.01,0.006,0.073,0.026,0.015,0.148
mlp_pool,0.1,0.04,0.024,0.259,0.095,0.054,0.506
mlp_pool,0.2,0.141,0.078,0.694,0.291,0.15,0.908
mlp_pool,0.3,0.235,0.121,0.85,0.483,0.254,0.968
gcn,0.05,0.021,0.011,0.119,0.035,0.019,0.184
gcn,0.1,0.046,0.025,0.232,0.091,0.047,0.387
gcn,0.2,0.146,0.071,0.531,0.276,0.142,0.797
gcn,0.3,0.242,0.12,0.769,0.468,0.248,0.959
